{
  "scheme": "OO-IRIBE-EnDKER",
  "parameter_metrics": [
    {
      "data_encryption_time_s": 0.500486200035084,
      "query_encryption_time_s": 0.09530717000598088,
      "data_decryption_time_s": 0.0002636999706737697,
      "query_execution_latency_s": 0.09546343000256456,
      "query_throughput_per_s": 10.475215482757488,
      "overall_model_throughput_per_s": 10.30655685260039,
      "overall_model_latency_s": 1.4553842000314035,
      "false_trust_acceptance_rate": 0.0,
      "num_data": 5,
      "num_queries": 10,
      "num_malicious": 5,
      "malicious_accepted": 0,
      "parameter": "PARA.512",
      "n": 512,
      "bits_security": 143,
      "nist_level": 1
    },
    {
      "data_encryption_time_s": 0.8512864999938756,
      "query_encryption_time_s": 0.17346827998990194,
      "data_decryption_time_s": 0.0002938000252470374,
      "query_execution_latency_s": 0.17369778999127447,
      "query_throughput_per_s": 5.757125637869279,
      "overall_model_throughput_per_s": 5.7947316001605875,
      "overall_model_latency_s": 2.5885581999318674,
      "false_trust_acceptance_rate": 0.0,
      "num_data": 5,
      "num_queries": 10,
      "num_malicious": 5,
      "malicious_accepted": 0,
      "parameter": "PARA.768",
      "n": 768,
      "bits_security": 207,
      "nist_level": 3
    },
    {
      "data_encryption_time_s": 3.8264754000119865,
      "query_encryption_time_s": 0.7688569000049028,
      "data_decryption_time_s": 0.0010255000088363886,
      "query_execution_latency_s": 0.7698301400232594,
      "query_throughput_per_s": 1.2989878520082188,
      "overall_model_throughput_per_s": 1.3014278407039999,
      "overall_model_latency_s": 11.525802300253417,
      "false_trust_acceptance_rate": 0.0,
      "num_data": 5,
      "num_queries": 10,
      "num_malicious": 5,
      "malicious_accepted": 0,
      "parameter": "PARA.1024",
      "n": 1024,
      "bits_security": 272,
      "nist_level": 5
    }
  ],
  "device_metrics": [
    {
      "num_devices": 20,
      "auth_latency_s": 0.2009375200024806,
      "computation_cost_ms": 12317.114200035576,
      "throughput_ops_s": 9.577989244314328,
      "normalized_throughput": 0.4788994622157164,
      "storage_overhead_kb": 664.1171875,
      "batch_formation_s": 3.54377150000073,
      "batch_decryption_s": 0.6324704000144266,
      "batch_authentication_s": 3.7681738999672234,
      "token_generation_s": 0.002999899967107922,
      "token_encryption_s": 3.6558504000422545
    },
    {
      "num_devices": 40,
      "auth_latency_s": 0.1969531700015068,
      "computation_cost_ms": 25836.16629993776,
      "throughput_ops_s": 8.857159786993254,
      "normalized_throughput": 0.22142899467483135,
      "storage_overhead_kb": 1304.1953125,
      "batch_formation_s": 7.893674799997825,
      "batch_decryption_s": 1.138565999979619,
      "batch_authentication_s": 7.273459499992896,
      "token_generation_s": 0.006137699994724244,
      "token_encryption_s": 8.84973259997787
    },
    {
      "num_devices": 60,
      "auth_latency_s": 0.1640382600016892,
      "computation_cost_ms": 33573.589400039054,
      "throughput_ops_s": 9.738738536658937,
      "normalized_throughput": 0.16231230894431561,
      "storage_overhead_kb": 1944.2734375,
      "batch_formation_s": 10.378057199995965,
      "batch_decryption_s": 1.9438671999960206,
      "batch_authentication_s": 10.398093399999198,
      "token_generation_s": 0.008820399991236627,
      "token_encryption_s": 9.999181199993473
    },
    {
      "num_devices": 80,
      "auth_latency_s": 0.21980209999601358,
      "computation_cost_ms": 47947.418400028255,
      "throughput_ops_s": 9.3977404577752,
      "normalized_throughput": 0.11747175572219,
      "storage_overhead_kb": 2584.3515625,
      "batch_formation_s": 14.611743300047237,
      "batch_decryption_s": 2.4136257999925874,
      "batch_authentication_s": 15.252469200000633,
      "token_generation_s": 0.010777399991638958,
      "token_encryption_s": 14.954184899979737
    },
    {
      "num_devices": 100,
      "auth_latency_s": 0.1354397399991285,
      "computation_cost_ms": 49701.30400004564,
      "throughput_ops_s": 12.063800712914762,
      "normalized_throughput": 0.12063800712914763,
      "storage_overhead_kb": 3224.4296875,
      "batch_formation_s": 14.577519200043753,
      "batch_decryption_s": 2.0010040000197478,
      "batch_authentication_s": 16.12187219999032,
      "token_generation_s": 0.007488399976864457,
      "token_encryption_s": 16.096042799996212
    }
  ]
}