{
  "scheme": "Base Paper (fs-IBE Pure)",
  "parameter_metrics": [
    {
      "data_encryption_time_s": 0.2734146000002511,
      "query_encryption_time_s": 0.05958737000473775,
      "data_decryption_time_s": 0.006090500013669953,
      "query_execution_latency_s": 0.059874660003697504,
      "query_throughput_per_s": 16.701556216573856,
      "overall_model_throughput_per_s": 17.079386238740817,
      "overall_model_latency_s": 0.878251700050896,
      "false_trust_acceptance_rate": "N/A",
      "num_data": 5,
      "num_queries": 10,
      "num_malicious": 0,
      "malicious_accepted": 0,
      "parameter": "PARA.512",
      "n": 512,
      "bits_security": 143,
      "nist_level": 1
    },
    {
      "data_encryption_time_s": 1.3672395999892615,
      "query_encryption_time_s": 0.22944618000474293,
      "data_decryption_time_s": 0.0007299999997485429,
      "query_execution_latency_s": 0.22998889000737108,
      "query_throughput_per_s": 4.348036115866076,
      "overall_model_throughput_per_s": 4.089579791516902,
      "overall_model_latency_s": 3.667858500062721,
      "false_trust_acceptance_rate": "N/A",
      "num_data": 5,
      "num_queries": 10,
      "num_malicious": 0,
      "malicious_accepted": 0,
      "parameter": "PARA.768",
      "n": 768,
      "bits_security": 207,
      "nist_level": 3
    },
    {
      "data_encryption_time_s": 3.2501608000020497,
      "query_encryption_time_s": 0.7220489099971019,
      "data_decryption_time_s": 0.0009451000078115612,
      "query_execution_latency_s": 0.722855439997511,
      "query_throughput_per_s": 1.3834024684153214,
      "overall_model_throughput_per_s": 1.431344105688379,
      "overall_model_latency_s": 10.479660299984971,
      "false_trust_acceptance_rate": "N/A",
      "num_data": 5,
      "num_queries": 10,
      "num_malicious": 0,
      "malicious_accepted": 0,
      "parameter": "PARA.1024",
      "n": 1024,
      "bits_security": 272,
      "nist_level": 5
    }
  ],
  "device_metrics": [
    {
      "num_devices": 20,
      "auth_latency_s": 0.10917708000051789,
      "computation_cost_ms": 4774.099699978251,
      "throughput_ops_s": 19.286353800500507,
      "normalized_throughput": 0.9643176900250253,
      "storage_overhead_kb": 1008.078125,
      "batch_formation_s": 2.072509599995101,
      "batch_decryption_s": 0.001495700009400025,
      "batch_authentication_s": 7.299997378140688e-06,
      "token_generation_s": 0.0032210999925155193,
      "token_encryption_s": 2.089052499999525
    },
    {
      "num_devices": 40,
      "auth_latency_s": 0.10645332999993115,
      "computation_cost_ms": 9841.826399991987,
      "throughput_ops_s": 16.829103275204904,
      "normalized_throughput": 0.4207275818801226,
      "storage_overhead_kb": 1968.15625,
      "batch_formation_s": 4.750392399990233,
      "batch_decryption_s": 0.003277399984654039,
      "batch_authentication_s": 8.800008799880743e-06,
      "token_generation_s": 0.006973800016567111,
      "token_encryption_s": 4.332524700002978
    },
    {
      "num_devices": 60,
      "auth_latency_s": 0.09999458999955095,
      "computation_cost_ms": 13796.84279995854,
      "throughput_ops_s": 17.84471396079015,
      "normalized_throughput": 0.2974118993465025,
      "storage_overhead_kb": 2928.234375,
      "batch_formation_s": 6.72080989999813,
      "batch_decryption_s": 0.0038705999904777855,
      "batch_authentication_s": 7.199996616691351e-06,
      "token_generation_s": 0.008184700011042878,
      "token_encryption_s": 6.424428399972385
    },
    {
      "num_devices": 80,
      "auth_latency_s": 0.11451579999993555,
      "computation_cost_ms": 17287.994600017555,
      "throughput_ops_s": 19.400438187931833,
      "normalized_throughput": 0.2425054773491479,
      "storage_overhead_kb": 3888.3125,
      "batch_formation_s": 8.244251100026304,
      "batch_decryption_s": 0.002985300001455471,
      "batch_authentication_s": 1.4499993994832039e-05,
      "token_generation_s": 0.016613600018899888,
      "token_encryption_s": 8.45601219998207
    },
    {
      "num_devices": 100,
      "auth_latency_s": 0.10496245000103954,
      "computation_cost_ms": 20515.399899974,
      "throughput_ops_s": 21.463877437226042,
      "normalized_throughput": 0.21463877437226042,
      "storage_overhead_kb": 4848.390625,
      "batch_formation_s": 9.312492099998053,
      "batch_decryption_s": 0.005488800001330674,
      "batch_authentication_s": 8.100003469735384e-06,
      "token_generation_s": 0.00877700001001358,
      "token_encryption_s": 10.555317899998045
    }
  ]
}