{
  "scheme": "Base Paper (fs-IBE Pure)",
  "parameter_metrics": [
    {
      "data_encryption_time_s": 0.352911599969957,
      "query_encryption_time_s": 0.06960586999193766,
      "data_decryption_time_s": 0.0008267000084742904,
      "query_execution_latency_s": 0.069900299992878,
      "query_throughput_per_s": 14.306090247136106,
      "overall_model_throughput_per_s": 14.248514807315058,
      "overall_model_latency_s": 1.0527412999072112,
      "false_trust_acceptance_rate": "N/A",
      "num_data": 5,
      "num_queries": 10,
      "num_malicious": 0,
      "malicious_accepted": 0,
      "parameter": "PARA.512",
      "n": 512,
      "bits_security": 143,
      "nist_level": 1
    },
    {
      "data_encryption_time_s": 0.5981062999926507,
      "query_encryption_time_s": 0.12408712998731061,
      "data_decryption_time_s": 0.00044510001316666603,
      "query_execution_latency_s": 0.12449953999603167,
      "query_throughput_per_s": 8.032158191362589,
      "overall_model_throughput_per_s": 8.136489944424275,
      "overall_model_latency_s": 1.8435467999661341,
      "false_trust_acceptance_rate": "N/A",
      "num_data": 5,
      "num_queries": 10,
      "num_malicious": 0,
      "malicious_accepted": 0,
      "parameter": "PARA.768",
      "n": 768,
      "bits_security": 207,
      "nist_level": 3
    },
    {
      "data_encryption_time_s": 2.6021418000455014,
      "query_encryption_time_s": 0.5578963400097564,
      "data_decryption_time_s": 0.0007038000039756298,
      "query_execution_latency_s": 0.5584879700094462,
      "query_throughput_per_s": 1.7905488635378954,
      "overall_model_throughput_per_s": 1.8320106562119645,
      "overall_model_latency_s": 8.187725300143939,
      "false_trust_acceptance_rate": "N/A",
      "num_data": 5,
      "num_queries": 10,
      "num_malicious": 0,
      "malicious_accepted": 0,
      "parameter": "PARA.1024",
      "n": 1024,
      "bits_security": 272,
      "nist_level": 5
    }
  ],
  "device_metrics": [
    {
      "num_devices": 20,
      "auth_latency_s": 0.07129352000192739,
      "computation_cost_ms": 2644.115600036457,
      "throughput_ops_s": 37.67229660326965,
      "normalized_throughput": 1.8836148301634825,
      "storage_overhead_kb": 1008.078125,
      "batch_formation_s": 1.060832199989818,
      "batch_decryption_s": 0.0009560000034980476,
      "batch_authentication_s": 4.099973011761904e-06,
      "token_generation_s": 0.0018603000207804143,
      "token_encryption_s": 1.3463321000454016
    },
    {
      "num_devices": 40,
      "auth_latency_s": 0.07089875999954529,
      "computation_cost_ms": 4924.196100037079,
      "throughput_ops_s": 35.59771273976897,
      "normalized_throughput": 0.8899428184942243,
      "storage_overhead_kb": 1968.15625,
      "batch_formation_s": 2.2456467000301927,
      "batch_decryption_s": 0.0016886999947018921,
      "batch_authentication_s": 5.89998671784997e-06,
      "token_generation_s": 0.0021199999609962106,
      "token_encryption_s": 2.440768000029493
    },
    {
      "num_devices": 60,
      "auth_latency_s": 0.049776669999118894,
      "computation_cost_ms": 7185.192899953108,
      "throughput_ops_s": 32.51978496939557,
      "normalized_throughput": 0.5419964161565929,
      "storage_overhead_kb": 2928.234375,
      "batch_formation_s": 3.688815900008194,
      "batch_decryption_s": 0.0012453999952413142,
      "batch_authentication_s": 6.699992809444666e-06,
      "token_generation_s": 0.007669000013265759,
      "token_encryption_s": 3.182642199972179
    },
    {
      "num_devices": 80,
      "auth_latency_s": 0.07391048999852501,
      "computation_cost_ms": 9839.284099987708,
      "throughput_ops_s": 32.527963324554555,
      "normalized_throughput": 0.40659954155693195,
      "storage_overhead_kb": 3888.3125,
      "batch_formation_s": 4.916412999969907,
      "batch_decryption_s": 0.0024317000061273575,
      "batch_authentication_s": 6.779999239370227e-05,
      "token_generation_s": 0.01339959999313578,
      "token_encryption_s": 4.648297999985516
    },
    {
      "num_devices": 100,
      "auth_latency_s": 0.06040027999551967,
      "computation_cost_ms": 11799.149799975567,
      "throughput_ops_s": 35.3811694765133,
      "normalized_throughput": 0.353811694765133,
      "storage_overhead_kb": 4848.390625,
      "batch_formation_s": 5.649686400021892,
      "batch_decryption_s": 0.0030379999661818147,
      "batch_authentication_s": 5.599984433501959e-06,
      "token_generation_s": 0.0042922000284306705,
      "token_encryption_s": 5.8608741000061855
    }
  ]
}