num_devices,auth_latency_s,computation_cost_ms,throughput_ops_s,normalized_throughput,storage_overhead_kb,batch_formation_s,batch_decryption_s,batch_authentication_s,token_generation_s,token_encryption_s
20,0.07129352000192739,2644.115600036457,37.67229660326965,1.8836148301634825,1008.078125,1.060832199989818,0.0009560000034980476,4.099973011761904e-06,0.0018603000207804143,1.3463321000454016
40,0.07089875999954529,4924.196100037079,35.59771273976897,0.8899428184942243,1968.15625,2.2456467000301927,0.0016886999947018921,5.89998671784997e-06,0.0021199999609962106,2.440768000029493
60,0.049776669999118894,7185.192899953108,32.51978496939557,0.5419964161565929,2928.234375,3.688815900008194,0.0012453999952413142,6.699992809444666e-06,0.007669000013265759,3.182642199972179
80,0.07391048999852501,9839.284099987708,32.527963324554555,0.40659954155693195,3888.3125,4.916412999969907,0.0024317000061273575,6.779999239370227e-05,0.01339959999313578,4.648297999985516
100,0.06040027999551967,11799.149799975567,35.3811694765133,0.353811694765133,4848.390625,5.649686400021892,0.0030379999661818147,5.599984433501959e-06,0.0042922000284306705,5.8608741000061855
