parameter,n,bits_security,nist_level,data_encryption_time_s,query_encryption_time_s,data_decryption_time_s,query_execution_latency_s,query_throughput_per_s,overall_model_throughput_per_s,overall_model_latency_s,false_trust_acceptance_rate,num_data,num_queries,num_malicious,malicious_accepted
PARA.512,512,143,1,0.2734146000002511,0.05958737000473775,0.006090500013669953,0.059874660003697504,16.701556216573856,17.079386238740817,0.878251700050896,N/A,5,10,0,0
PARA.768,768,207,3,1.3672395999892615,0.22944618000474293,0.0007299999997485429,0.22998889000737108,4.348036115866076,4.089579791516902,3.667858500062721,N/A,5,10,0,0
PARA.1024,1024,272,5,3.2501608000020497,0.7220489099971019,0.0009451000078115612,0.722855439997511,1.3834024684153214,1.431344105688379,10.479660299984971,N/A,5,10,0,0
