{
  "scheme": "Proposed (fs-IBE + Trust Model)",
  "parameter_metrics": [
    {
      "data_encryption_time_s": 0.31767240003682673,
      "query_encryption_time_s": 0.057600729999830944,
      "data_decryption_time_s": 0.0001974000479094684,
      "query_execution_latency_s": 0.05788104999810457,
      "query_throughput_per_s": 17.27681166863329,
      "overall_model_throughput_per_s": 16.728370188237186,
      "overall_model_latency_s": 0.8966803000657819,
      "false_trust_acceptance_rate": 0.0,
      "num_data": 5,
      "num_queries": 10,
      "num_malicious": 5,
      "malicious_accepted": 0,
      "parameter": "PARA.512",
      "n": 512,
      "bits_security": 143,
      "nist_level": 1
    },
    {
      "data_encryption_time_s": 0.6129241000162438,
      "query_encryption_time_s": 0.11627359999110923,
      "data_decryption_time_s": 0.00026050000451505184,
      "query_execution_latency_s": 0.11664724998991005,
      "query_throughput_per_s": 8.572855340237338,
      "overall_model_throughput_per_s": 8.428589979876165,
      "overall_model_latency_s": 1.7796570999198593,
      "false_trust_acceptance_rate": 0.0,
      "num_data": 5,
      "num_queries": 10,
      "num_malicious": 5,
      "malicious_accepted": 0,
      "parameter": "PARA.768",
      "n": 768,
      "bits_security": 207,
      "nist_level": 3
    },
    {
      "data_encryption_time_s": 2.321085100003984,
      "query_encryption_time_s": 0.5690953899931628,
      "data_decryption_time_s": 0.00024180003674700856,
      "query_execution_latency_s": 0.5697937199729494,
      "query_throughput_per_s": 1.7550210978939438,
      "overall_model_throughput_per_s": 1.870495822731389,
      "overall_model_latency_s": 8.019264099770226,
      "false_trust_acceptance_rate": 0.0,
      "num_data": 5,
      "num_queries": 10,
      "num_malicious": 5,
      "malicious_accepted": 0,
      "parameter": "PARA.1024",
      "n": 1024,
      "bits_security": 272,
      "nist_level": 5
    }
  ],
  "device_metrics": [
    {
      "num_devices": 20,
      "auth_latency_s": 0.06049601000268012,
      "computation_cost_ms": 3933.8939000153914,
      "throughput_ops_s": 33.52089390862886,
      "normalized_throughput": 1.6760446954314427,
      "storage_overhead_kb": 1008.703125,
      "batch_formation_s": 1.1927570000407286,
      "batch_decryption_s": 0.0005285999504849315,
      "batch_authentication_s": 1.2121248000185005,
      "token_generation_s": 0.0032348999520763755,
      "token_encryption_s": 1.2680464999866672
    },
    {
      "num_devices": 40,
      "auth_latency_s": 0.05095713000046089,
      "computation_cost_ms": 7269.0240000374615,
      "throughput_ops_s": 35.094862949265476,
      "normalized_throughput": 0.8773715737316369,
      "storage_overhead_kb": 1969.40625,
      "batch_formation_s": 2.2785483000334352,
      "batch_decryption_s": 0.0009876000112853944,
      "batch_authentication_s": 2.315395699988585,
      "token_generation_s": 0.006284700008109212,
      "token_encryption_s": 2.05612869997276
    },
    {
      "num_devices": 60,
      "auth_latency_s": 0.06538211000151932,
      "computation_cost_ms": 11416.569499939214,
      "throughput_ops_s": 35.12795004563991,
      "normalized_throughput": 0.5854658340939985,
      "storage_overhead_kb": 2930.109375,
      "batch_formation_s": 3.41463809995912,
      "batch_decryption_s": 0.0014451000024564564,
      "batch_authentication_s": 3.6874783000093885,
      "token_generation_s": 0.007688999990932643,
      "token_encryption_s": 3.798086999973748
    },
    {
      "num_devices": 80,
      "auth_latency_s": 0.06289888999890536,
      "computation_cost_ms": 15809.51550003374,
      "throughput_ops_s": 30.79559475951274,
      "normalized_throughput": 0.3849449344939092,
      "storage_overhead_kb": 3890.8125,
      "batch_formation_s": 5.1909092999994755,
      "batch_decryption_s": 0.004638999991584569,
      "batch_authentication_s": 4.714336000033654,
      "token_generation_s": 0.0036857000086456537,
      "token_encryption_s": 5.338501000020187
    },
    {
      "num_devices": 100,
      "auth_latency_s": 0.06907273000106215,
      "computation_cost_ms": 18925.901299982797,
      "throughput_ops_s": 31.745800454963906,
      "normalized_throughput": 0.3174580045496391,
      "storage_overhead_kb": 4851.515625,
      "batch_formation_s": 6.294245199998841,
      "batch_decryption_s": 0.005800700047984719,
      "batch_authentication_s": 5.9603354999562725,
      "token_generation_s": 0.008048999996390194,
      "token_encryption_s": 6.343807799974456
    }
  ]
}